<VerticalLayout >
<HistoryListItem height="28"  >
    <HorizontalLayout >
	    	<HorizontalLayout>
	        <Text name="ItemNum" float="true" pos="5,7,0,0" width="15" height="19" textpadding="2,0,2,0" align="wrap" />
	        <Text text="." float="true" pos="17,6,0,0" width="10" height="18" textpadding="2,0,2,0" textcolor="#FF000000" disabledtextcolor="#FFA7A6AA" align="wrap" />
	        <Text name="ItemDescription" float="true" pos="24,6,0,0" width="278" height="19" textpadding="2,0,2,0" align="left" />
	     </HorizontalLayout>
	     <HorizontalLayout name="RightBtnPanel" width="32" pos="2,0,0,0">
	        <Button name="BtnHistoryItemReEdit"  tooltip="编辑" float="true" pos="0,8,0,0"  width="12" height="12" textcolor="#FF000000" disabledtextcolor="#FFA7A6AA" align="center" bkimage="images\pen_ico.png"/>
	        <Button name="BtnHistoryItemDelete"  tooltip="删除" float="true" pos="15,8,0,0" width="12" height="12" textcolor="#FF000000" disabledtextcolor="#FFA7A6AA" align="center" bkimage="images\del_ico.png"/>
	    </HorizontalLayout>
    </HorizontalLayout>
</HistoryListItem>    
</VerticalLayout>
