<VerticalLayout>
   <VerticalLayout width="325" bkcolor="#FFE0E0E0">
    <VerticalLayout height="40">
        <HorizontalLayout width="325" height="40">
            <Button name="BtnBorderBack" float="true" pos="10,15,0,0" width="89" height="19" textcolor="#FF000000" disabledtextcolor="#FFA7A6AA" align="center" normalimage="images\Rim_Back_Normal.png" hotimage="images\Rim_Back_hover.png" pushedimage="images\Rim_Back_pressed.png"/>
			<Button name="BtnImportBorders" float="true" pos="170,7,0,0" width="138" height="33" textcolor="#FF666666" text="导入美图秀秀简单边框" disabledtextcolor="#FFA7A6AA" align="center" normalimage="images\import_btn_normal.png" hotimage="images\import_btn_hover.png" pushedimage="images\import_btn_pressed.png"/>
		</HorizontalLayout>
    </VerticalLayout>
    <BorderListView name="BorderListView" height="500" bkcolor="#FFE0E0E0" childpadding="10" inset="1,1,1,1" itemsize="70,70"  padding="5,5,5,5" vscrollbar="true" />
    <VerticalLayout bkcolor="#FFE0E0E0">
		<Button name="BtnBorderApply" float="true" pos="25,25,0,0" width="149" height="38" textcolor="#FF000000" disabledtextcolor="#FFA7A6AA" align="center" normalimage="images\done_Normal.png"   hotimage="images\done_hover.png"   pushedimage="images\done_pressed.png" />
        <Button name="BtnBorderCancel" float="true" pos="180,25,0,0" width="129" height="38" textcolor="#FF000000" disabledtextcolor="#FFA7A6AA" align="center"  normalimage="images\Cancel_Normal.png" hotimage="images\Cancel_hover.png" pushedimage="images\Cancel_pressed.png" />
    </VerticalLayout>
   </VerticalLayout>
</VerticalLayout>
