<VerticalLayout name="head" >
 <AnimationTabLayout name="MidDealTab" width="358" height="660" AnimatID="1005">
    <VerticalLayout name="test" width="358" height="660"  bkcolor="#FFE0E0E0">
    		<HorizontalLayout height="40">
    			<Text text="美化图片" font="1" float="true" pos="20,20,0,0" width="100" height="17" textpadding="2,0,2,0" textcolor="#FF646464" align="wrap" />
				<Button name="BtnOperateTip" float="true" pos="242,21,0,0"  width="14" height="14" normalimage="images\pcl_tip_ico.png"/>
				<Text text="批处理小技巧" font="5" float="true" pos="255,20,0,0" textpadding="5,0,0,0" width="150" height="17" textcolor="#FF646464" align="wrap"/>
			</HorizontalLayout>
        <TileLayout width="358" height="369" inset="30,10,0,0">
			<Button name="BtnOneKeyBeauty" float="true" pos="18,8,0,0"   width="102" height="103" textpadding="0,40,0,0" textcolor="#00000080" disabledtextcolor="#FFFFFFFF" align="center" normalimage="file='images\OneKey_Normal.png'"     hotimage="images\OneKey_hover.png"     pushedimage="images\OneKey_pressed.png"/>
            <Button name="BtnBaseAdjust" float="true" pos="128,8,0,0"   width="102" height="103" textpadding="0,40,0,0" textcolor="#00000080" disabledtextcolor="#FFFFFFFF" align="center" normalimage="file='images\Basis_Normal.png'"     hotimage="images\Basis_hover.png"     pushedimage="images\Basis_pressed.png"/>
            <Button name="BtnEffects"    float="true" pos="238,8,0,0"  width="102" height="103" textpadding="0,40,0,0" textcolor="#00000080" disabledtextcolor="#FFFFFFFF" align="center" normalimage="file='images\Effect_Normal.png'"    hotimage="images\Effect_hover.png"    pushedimage="images\Effect_pressed.png"/>
            <Button name="BtnBorders"    float="true" pos="18,118,0,0"  width="102" height="103" textpadding="0,40,0,0" textcolor="#00000080" disabledtextcolor="#FFFFFFFF" align="center" normalimage="file='images\Rim_Normal.png'"       hotimage="images\Rim_hover.png"       pushedimage="images\Rim_pressed.png"/>
            <Button name="BtnWaterMark"  float="true" pos="128,118,0,0"  width="102" height="103" textpadding="0,40,0,0" textcolor="#00000080" disabledtextcolor="#FFFFFFFF" align="center" normalimage="file='images\Watermark_Normal.png'" hotimage="images\Watermark_hover.png" pushedimage="images\Watermark_pressed.png"/>
            <Button name="BtnText"       float="true" pos="238,118,0,0" width="102" height="103" textpadding="0,40,0,0" textcolor="#00000080" disabledtextcolor="#FFFFFFFF" align="center" normalimage="file='images\text_Normal.png'"      hotimage="images\text_hover.png"      pushedimage="images\text_pressed.png"/>
		</TileLayout>
		<Label name="OneKeyTip" float="true" text="已经一键美化过了!" pos="65,140,0,0" width="220"  height="20" bkcolor="#7F000000" textcolor="FFFFFFFF" align="center" borderround="5,5" />
        <Label name="OperateTip" float="true" pos="94,40,0,0" width="241"  height="118" textcolor="FFFFFFFF" bkimage="images\pcl_tip_bk.png"/>
		<HorizontalLayout float="true" pos="0,420,0,0" width="358" height="40"bkimage="file='images\W_line_2.png' dest='0,0,359,37' resource='0,0,1,40'">
            <Button name="BtnSaveList" visible="false" text="保存配方" float="true" pos="211,4,0,0" width="67" height="29" textcolor="#00787878" disabledtextcolor="#FFFFFFFF" align="center" normalimage="images\btn_w_Normal.png" hotimage="images\btn_w_hover.png" pushedimage="images\btn_w_pressed.png"/>
            <Button name="BtnOutPutList" visible="false" text="导出配方" float="true" pos="285,4,0,0" width="67" height="29" textcolor="#00787878" disabledtextcolor="#FFFFFFFF" align="center" normalimage="images\btn_w_Normal.png" hotimage="images\btn_w_hover.png" pushedimage="images\btn_w_pressed.png"/>
            <Text text="我的操作" float="true" pos="11,12,0,0" width="54" height="17" textpadding="2,0,2,0" textcolor="#00787878" disabledtextcolor="#FFFFFFFF" align="wrap" />
            <Text name="TxtListNum" text="( 0 )" float="true" pos="65,12,0,0" width="50" height="16" textpadding="2,0,2,0" textcolor="#00787878" disabledtextcolor="#FFFFFFFF" align="wrap" />
         </HorizontalLayout>
        <VerticalLayout float="true" pos="0,456,0,0" width="358" height="203" >
        	<HistoryListUI name="Listhistory" header="false" inset="11,-12,0,0" bkcolor="#FFF3F3F3" vscrollbar="true"/>
        </VerticalLayout>
    </VerticalLayout>
    <MidBaseFunc name="MidBaseFunc" bkcolor="#FF235436"  />
    <VerticalLayout >
    <MidEffectFunc name="MidEffectFunc" float="true" pos="15,0" width="325" height="660" bkcolor="#FFA34C6B" />
    </VerticalLayout>
    <VerticalLayout>
    <MidBorderFunc name="MidBorderFunc" float="true" pos="15,0" width="325" height="660" bkcolor="#FF44A525" />
    </VerticalLayout>
    <MidWaterMarkFunc name="MidWaterMarkFunc" bkcolor="#FF423754" />
    <MidTextFunc name="MidTextFunc" bkcolor="#FF223754" />
 </AnimationTabLayout>
</VerticalLayout>