<?xml version="1.0" encoding="utf-8" standalone="yes" ?>
<Window>
    <VerticalLayout width="400" height="660" bkcolor="#FFE0E0E0">
        <HorizontalLayout width="357" height="40">
            <Button name="BtnTextBack" float="true" pos="10,15,0,0" width="84" height="19" textcolor="#FF000000" disabledtextcolor="#FFA7A6AA" align="center" normalimage="images\text_Back_Normal.png"   hotimage="images\text_Back_hover.png"   pushedimage="images\text_Back_pressed.png"/>
        </HorizontalLayout>
        <HorizontalLayout width="357" height="340">
          <RichEdit name="EditText" bordervisible="true" text="请输入文字" inset="3,3,3,3" borderround="3,3" bordersize="1" bordercolor="#FFBEBEBE" focusbordercolor="#FFBEBEBE" autovscroll="true" vscrollbar="true" float="true" pos="35,15,0,0" width="290" height="125" bkcolor="#FFFFFFFF" textpadding="4,3,4,3" textcolor="#FFBEBEBE" disabledtextcolor="#FFA7A6AA" />
		 <Combo name="CombFont" itemfont="4" inset="10,0,10,0" textpadding="6,0,0,0" itemalign="left" float="true" pos="35,152,0,0" width="110" height="23" bkcolor="#FF00FF00" itemtextcolor="#FF000000" itemselectedtextcolor="#FF000000" itemselectedbkcolor="#FFC1E3FF" itemhottextcolor="#FF000000" itemhotbkcolor="#FFE9F5FF" itemdisabledtextcolor="#FFCCCCCC" itemdisabledbkcolor="#FFFFFFFF" dropboxsize="0,150" normalimage="file='images\Dd_Normal.png' corner='2,2,18,2'" hotimage="file='images\Dd_hover.png' corner='2,2,18,2'" pushedimage="file='images\Dd_pressed.png' corner='2,2,18,2'"/>
          <Combo name="CombSize" itemfont="4" float="true" pos="150,152,0,0" width="48" height="23" bkcolor="#FFFFFF00" itemtextcolor="#FF000000" itemselectedtextcolor="#FF000000" itemselectedbkcolor="#FFC1E3FF" itemhottextcolor="#FF000000" itemhotbkcolor="#FFE9F5FF" itemdisabledtextcolor="#FFCCCCCC" itemdisabledbkcolor="#FFFFFFFF" dropboxsize="0,150" normalimage="file='images\Dd_Normal.png' corner='2,2,18,2'" hotimage="file='images\Dd_hover.png' corner='2,2,18,2'" pushedimage="file='images\Dd_pressed.png' corner='2,2,18,2'" />
          <Button name="CombColor" float="true" pos="203,152,0,0" width="40" height="23" bkcolor="#FF00FFFF" normalimage="images\Dd_c_Normal.png" hotimage="images\Dd_c_hover.png" pushedimage="images\Dd_c_pressed.png"/>
          <Button name="BtnTxtBold" text="粗体" float="true" pos="248,152,0,0" width="35" height="25"  textcolor="#FF707070" disabledtextcolor="#FFA7A6AA" align="center" normalimage="images\btn_T_Normal.png" hotimage="images\btn_T_hover.png" pushedimage="images\btn_T_pressed.png"/>
          <Button name="BtnShadow"  text="阴影" float="true" pos="290,152,0,0" width="35" height="25"  textcolor="#FF707070" disabledtextcolor="#FFA7A6AA" align="center" normalimage="images\btn_T_Normal.png" hotimage="images\btn_T_hover.png" pushedimage="images\btn_T_pressed.png"/>
          <Text   text="旋转" float="true" pos="35,230,0,0" width="40" height="21" textpadding="2,0,2,0" textcolor="#FF707070" disabledtextcolor="#FFA7A6AA" align="wrap" />
          <Slider name="SliderTextRotate" float="true" pos="90,228,0,0" width="196" height="19" textcolor="#FF000000" disabledtextcolor="#FFA7A6AA" align="center" min="0" max="360" value="0" hor="true" thumbsize="18,19" bkimage="images\fg_Normal.png" diablebkimage="images\fg_Normal_disable.png" thumbimage="images\thumb.png" thumbhotimage="images\thumb.png" thumbpushedimage="images\thumb.png" thumbdisableimage="images\thumb_disable.png" />
          <Text   name="TxtTextRotateValue" text="0°" float="true" pos="285,232,0,0" width="40" height="20" textpadding="2,0,2,0" textcolor="#FF999999" disabledtextcolor="#FFA7A6AA" align="wrap" />
          <Text text="透明度" float="true" pos="35,197,0,0" width="45" height="20" textpadding="2,0,2,0" textcolor="#FF707070" disabledtextcolor="#FFA7A6AA" align="wrap" />
          <Slider name="SliderTransparency" float="true" pos="90,194,0,0" width="196" height="19" min="0" max="100" value="0" hor="true" thumbsize="18,19"/>
          <Text name="TxtTransparencyValue" text="30%" float="true" pos="285,197,0,0" width="40" height="20" textpadding="2,0,2,0" textcolor="#FF999999" disabledtextcolor="#FFA7A6AA" align="wrap" />
          <Text text="位置" float="true" pos="35,275,0,0" width="43" height="25"  textpadding="2,0,2,0" textcolor="#FF707070" disabledtextcolor="#FFA7A6AA" align="wrap" />
          <Option name="OptTxtCustom" text="自定义" float="true" pos="100,270,0,0" width="60" height="25" textpadding="20,2,2,2"  textcolor="#FF707070" disabledtextcolor="#FFA7A6AA" align="center" normalimage="file='images\Round_Normal.png' dest='1,4,17,21' resource='0,0,16,17'" hotimage="file='images\Round_hover.png' dest='1,4,17,21' resource='0,0,16,17'" selectedimage="file='images\Round_pressed.png' dest='1,4,17,21' resource='0,0,16,17'"/>
          <Option name="OptTxtSquare" text="九宫格" float="true" pos="180,270,0,0" width="60" height="25" textpadding="20,2,2,2"  textcolor="#FF707070" disabledtextcolor="#FFA7A6AA" align="center" normalimage="file='images\Round_Normal.png' dest='1,4,17,21' resource='0,0,16,17'" hotimage="file='images\Round_hover.png' dest='1,4,17,21' resource='0,0,16,17'" selectedimage="file='images\Round_pressed.png' dest='1,4,17,21' resource='0,0,16,17'"/>
		  <Option name="OptTxtTile" text="平铺" float="true" pos="260,270,0,0" width="60" height="25" textpadding="20,2,2,2"  textcolor="#FF707070" disabledtextcolor="#FFA7A6AA" align="center" normalimage="file='images\Round_Normal.png' dest='1,4,17,21' resource='0,0,16,17'" hotimage="file='images\Round_hover.png' dest='1,4,17,21' resource='0,0,16,17'" selectedimage="file='images\Round_pressed.png' dest='1,4,17,21' resource='0,0,16,17'"/>       	
        </HorizontalLayout>        
 		<HorizontalLayout width="358" height="155"> 
            <TabLayout name="TextDealTypeTab" width="357" height="135">
                <HorizontalLayout width="357" height="117">
                    <Label  float="true" pos="30,35,0,0" width="291" height="38" textcolor="#FFFA0A0A4" disabledtextcolor="#FFA7A6AA" bkimage="images\Tips2.png"/>
                </HorizontalLayout>
            		<HorizontalLayout width="358" height="137">    
            			<HorizontalLayout width="100" /> 	
      	  				<TileLayout width="127" height="127" pos="100,20,0,0" itemsize="41,41" childpadding="2" bkimage="9gong\jiugongge_line.png">
			   				<Button name="BtnLeftUpFT" float="true" pos="1,1,0,0"  width="41" height="41"	normalimage="9gong\A1_Normal.png" hotimage="9gong\A1_hover.png" pushedimage="9gong\A1_pressed.png"/>
		            			<Button name="BtnUpFT" float="true" pos="43,1,0,0"	width="41" height="41"	normalimage="9gong\A2_Normal.png" hotimage="9gong\A2_hover.png" pushedimage="9gong\A2_pressed.png"/>
		            			<Button name="BtnRightUpFT" float="true" pos="85,1,0,0"	width="41" height="41"	normalimage="9gong\A3_Normal.png" hotimage="9gong\A3_hover.png" pushedimage="9gong\A3_pressed.png"/>
		            			<Button name="BtnLeftFT"	float="true" pos="1,43,0,0"	width="41" height="41"	normalimage="9gong\B1_Normal.png" hotimage="9gong\B1_hover.png" pushedimage="9gong\B1_pressed.png"/>
		            			<Button name="BtnMidFT" float="true" pos="43,43,0,0"	width="41" height="41"	normalimage="9gong\B2_Normal.png" hotimage="9gong\B2_hover.png" pushedimage="9gong\B2_pressed.png"/>
		            			<Button name="BtnRightFT" float="true" pos="85,43,0,0"	width="41" height="41"	normalimage="9gong\B3_Normal.png" hotimage="9gong\B3_hover.png" pushedimage="9gong\B3_pressed.png"/>
		            			<Button name="BtnLeftDownFT" float="true" pos="1,85,0,0"  width="41" height="41"  normalimage="9gong\C1_Normal.png" hotimage="9gong\C1_hover.png" pushedimage="9gong\C1_pressed.png"/>
		            			<Button name="BtnDownFT"	float="true" pos="43,85,0,0"  width="41" height="41"	normalimage="9gong\C2_Normal.png" hotimage="9gong\C2_hover.png" pushedimage="9gong\C2_pressed.png"/>
		            			<Button name="BtnRightDownFT" float="true" pos="85,85,0,0"  width="41" height="41" normalimage="9gong\C3_Normal.png" hotimage="9gong\C3_hover.png" pushedimage="9gong\C3_pressed.png"/>
		            	</TileLayout>	
        			</HorizontalLayout>
        			<HorizontalLayout />
            </TabLayout>
        </HorizontalLayout>
        <HorizontalLayout width="359" height="147">
            <Button name="BtnTextApply"  float="true" pos="35,50,0,0"  width="149" height="38" textcolor="#FF000000" disabledtextcolor="#FFA7A6AA" align="center" normalimage="images\done_Normal.png"   hotimage="images\done_hover.png"   pushedimage="images\done_pressed.png"/>
            <Button name="BtnTextCancel" float="true" pos="195,50,0,0" width="129" height="38" textcolor="#FF000000" disabledtextcolor="#FFA7A6AA" align="center" normalimage="images\Cancel_Normal.png" hotimage="images\Cancel_hover.png" pushedimage="images\Cancel_pressed.png"/>
        </HorizontalLayout>
    </VerticalLayout>
</Window>
