<?xml version="1.0" encoding="utf-8" standalone="yes" ?>
<Window size="640,177" sizebox="5,5,3,3" caption="2,2,2,34" roundcorner="5,5" bordercolor="#FFFF0000" >

	<VerticalLayout name="BkImg" width="640" height="162" bkimage=" file=&apos;BG.png&apos; corner=&apos;5,37,5,5&apos;" padding="4,0,4,0" >
		 <!--标题栏-->
	   <HorizontalLayout name="Title" width="640" height="32">
	   		<!--图标和文字-->
        <HorizontalLayout width="240" height="38">
            <Label float="true" pos="9,9,0,0" width="16" height="16" bkimage="images\titleico.png" textcolor="#FFFFFFFF" disabledtextcolor="#FFFFFFFF" />
            <Text name="txtTitle" text="正在处理您的图片，请稍后..." float="true" pos="29,6,0,0" width="170" height="25" textpadding="2,5,2,0" textcolor="#FFFFFFFF" disabledtextcolor="#FFFFFFFF" align="wrap" />
        </HorizontalLayout>
	      <HorizontalLayout width="340" height="38" />
	      <!--最小化和关闭按钮-->
	      <HorizontalLayout width="60" height="38">
	      		<Label  name="linePNG1"  float="true" pos=" 1,1,0,0" width="2"  height="24" bkimage="file='images\line.png'" />
	          <Button name="SysMinBtn"    float="true" pos=" 3,2,0,0" width="27" height="32" textcolor="#FF000000" foreimage="file='images\Minimize.png' dest='7,8,20,15' resource='0,0,13,7'" disabledtextcolor="#FFA7A6AA" align="center" hotimage="images\Minimize_rollover.png" pushedimage="images\Minimize_press.png" />
	          <Label  name="linePNG2"   float="true" pos="30,1,0,0" width="2"  height="24" bkimage="file='images\line.png'" />
	          <Button name="CloseBtn"  float="true" pos="32,2,0,0" width="27" height="32" textcolor="#FF000000" foreimage="file='images\close.png'    dest='7,5,20,18' resource='0,0,13,13'" disabledtextcolor="#FFA7A6AA" align="center" hotimage="images\close_rollover.png"   pushedimage="images\close_press.png"    /> 
	    	</HorizontalLayout>
	   </HorizontalLayout>
	   

	   
			<VerticalLayout inset="4,4,4,4" >

		   	<!--中间-->
		    <VerticalLayout bkcolor="#FFE0E0E0" >
		   	 	<!--进度条-->
		   	 	<VerticalLayout name="ProgressLab" pos="0,0,0,0" width="640" height="115" >
		   	 		<!--文字显示-->
		   	 		<VerticalLayout width="640" height="115">
			   	 		<VerticalLayout height="55">
				   	 		<Text text="共" float="true" pos="30,30,0,0" width="20" height="19" textpadding="2,0,2,0"/>
				   		  <Text name="TotalNum" text="0" float="true" pos="50,30,0,0" width="35" height="19" textpadding="2,0,2,0" align="wrap" />
				        <Text text="张，当前第" float="true" pos="85,30,0,0" width="68" height="18" textpadding="2,0,2,0" textcolor="#FF000000" disabledtextcolor="#FFA7A6AA" align="wrap" />
				        <Text name="CurrNum"  text="0" float="true" pos="150,30,0,0" width="35" height="19" textpadding="2,0,2,0" align="left" />
				        <Text text="张" float="true" pos="185,30,0,0" width="20" height="19" textpadding="2,0,2,0" align="left" />
				        			
			        </VerticalLayout>
			      	<VerticalLayout hegiht="60">
		        	<Progress name="Progress"  float="true" bordersize="1" bordercolor="#FF717171" pos="30,10,0,0" width="430" height="40" hor="true" max="100" min="0" value="50" foreimage="file='images\loading.png'" visible="true"/>
		          <Button   name="BtnCancle" float="true" pos="480,10,0,0" width="130" height="40" normalimage="images\Cancel_Normal.png" hotimage="images\Cancel_hover.png" pushedimage="images\Cancel_pressed.png"/>
		          </VerticalLayout>
		        </VerticalLayout>	       
		   		</VerticalLayout>
		   		<!--批处理完成-->
		   		<VerticalLayout name="PCLFinshLab" pos="0,0,0,0" width="640" height="130"  visible="true">	
						<Label float="true" pos="90,60,0,0" width="189" height="27" textcolor="#FF000000" disabledtextcolor="#FFA7A6AA" bkimage="images\finish.png"/>
						
						<Button name="BtnOpenFile"  float="true" pos="395,35,0,0" width="161" height="39"  normalimage="images\Open_File_normal1.png"       hotimage="images\Open_File_hover1.png"       pushedimage="images\Open_File_pressed1.png"  />
		   			<Button name="BtnOK"  visible="false" float="true" pos="395,80,0,0" width="161"  height="39" normalimage="images\UpdateQzone_Normal.png" hotimage="images\UpdateQzone_hover.png" pushedimage="images\UpdateQzone_pressed.png" />
						<Button name="BtnUploadQQ"  float="true" pos="395,80,0,0" width="161"  height="39" normalimage="images\Qzone_Normal.png" hotimage="images\Qzone_hover.png" pushedimage="images\Qzone_passed.png" />
				   
					</VerticalLayout> 
		    </VerticalLayout>		    


		    <!--左上角和右上角的卷角-->
		    <Label float="true" pos="4,4,0,0"      width="4" height="4" bkimage="images\Angle_1.png"/>
		    <Label float="true" pos="632,4,0,0"    width="4" height="4" bkimage="images\Angle_2.png"/>
			  <!--左下和右下的卷角-->
			  <Label float="true" pos="4,137,0,0"    width="4" height="4" bkimage="images\Angle_3.png"/>
			  <Label float="true" pos="632,137,0,0"  width="4" height="4" bkimage="images\Angle_4.png"/>
			</VerticalLayout>

	</VerticalLayout>
</Window>