<?xml version="1.0" encoding="utf-8" standalone="yes" ?>
<Window size="380,203" sizebox="5,5,3,3" caption="2,2,2,34" roundcorner="5,5">
    <VerticalLayout name="BkImg" width="380" height="203" padding="4,0,4,0" bkimage=" file=&apos;BG.png&apos; corner=&apos;5,37,5,5&apos;">
        <HorizontalLayout name="Title" width="380" height="32">
            <HorizontalLayout width="240" height="38">
                <Label float="true" pos="9,9,0,0" width="16" height="16" bkimage="images\titleico.png" textcolor="#FFFFFFFF" disabledtextcolor="#FFFFFFFF" />
                <Text name="txtTitle" text="批处理工具升级" float="true" pos="29,6,0,0" width="170" height="25" textpadding="2,5,2,0" textcolor="#FFFFFFFF" disabledtextcolor="#FFFFFFFF" align="wrap" />
            </HorizontalLayout>
            <HorizontalLayout width="80" height="38" />
            <HorizontalLayout width="60" height="38">
                <Label name="LinePNG2" float="true" pos="30,1,0,0" width="2" height="24" bkimage="file=&apos;images\line.png&apos;" textcolor="#FF000000" disabledtextcolor="#FFA7A6AA" />
                <Button name="CloseBtn" float="true" pos="32,2,0,0" width="27" height="32" textcolor="#FF000000" disabledtextcolor="#FFA7A6AA" align="center" foreimage="file='images\close.png'    dest='7,5,20,18' resource='0,0,13,13'" hotimage="images\close_rollover.png" pushedimage="images\close_press.png" />
            </HorizontalLayout>
        </HorizontalLayout>
        <VerticalLayout inset="5,5,5,5">
            <VerticalLayout bkcolor="#FFE0E0E0">
                <VerticalLayout name="ProgressLab" width="380" >
                    <VerticalLayout width="380" >
                        <VerticalLayout height="50">
                            <Text text="正在下载..." float="true" pos="30,25,0,0" width="70" height="19" textpadding="2,0,2,0" textcolor="#FF000000" disabledtextcolor="#FFA7A6AA" align="wrap" />
                            <Text text="0%" name="DownLoad" float="true" pos="105,25,0,0" width="80" height="19" textpadding="2,0,2,0" textcolor="#FF000000" disabledtextcolor="#FFA7A6AA" align="wrap" />
                        </VerticalLayout>
                        <VerticalLayout>
                            <Progress name="Progress" bordersize="1" float="true" pos="30,10,0,0" width="310" height="40" bordercolor="#FF717171" textcolor="#FF000000" disabledtextcolor="#FFA7A6AA" align="center" foreimage="file=&apos;images\loading.png&apos;" min="0" max="100" value="0" hor="true" />                           
                        </VerticalLayout>
                        <VerticalLayout>
							<Button name="BtnCancle" text="取消" float="true" pos="120,10,0,0" width="129" height="37" align="center" normalimage="images\MG_btn_Normal.png" hotimage="images\MG_btn_hover.png" pushedimage="images\MG_btn_pressed.png"/>
                    	</VerticalLayout>
                    </VerticalLayout>
                </VerticalLayout>
            </VerticalLayout>
            <Label float="true" pos="5,5,0,0" width="4" height="4" bkimage="images\Angle_1.png"  />
            <Label float="true" pos="371,5,0,0" width="4" height="4" bkimage="images\Angle_2.png" />
            <Label float="true" pos="5,162,0,0" width="4" height="4" bkimage="images\Angle_3.png" />
            <Label float="true" pos="371,162,0,0" width="4" height="4" bkimage="images\Angle_4.png" />
        </VerticalLayout>
    </VerticalLayout>
</Window>
