<?xml version="1.0" encoding="utf-8" standalone="yes" ?>
<Window size="840,650" sizebox="5,5,3,3" caption="2,2,2,34" roundcorner="5,5">
		<Font name="微软雅黑,雅黑,宋体" size="12" bold="true" italic="false" />
    <VerticalLayout  bkimage=" file=&apos;BG.png&apos; corner=&apos;5,37,5,5&apos;">
        <VerticalLayout width="840" height="36">
            <Text text="上传到QQ空间" float="true" pos="6,11,0,0" width="137" height="18" font="0" textpadding="2,0,2,0" textcolor="#00FFFFFF" disabledtextcolor="#FFA7A6AA" align="wrap" />
            <Button name="SysCloseBtn" float="true" pos="813,2,0,0" width="27" height="32" foreimage="file='images\close.png' dest='7,5,20,18' resource='0,0,13,13'" disabledtextcolor="#FFA7A6AA" align="center" hotimage="images\close_rollover.png"   pushedimage="images\close_press.png"    />
	     			<Label float="true" pos="811,2,0,0" width="2" height="24" bkimage="images\line.png" />
	     </VerticalLayout>
        <VerticalLayout width="840" height="614" inset="4,0,4,4"/>
    </VerticalLayout>
</Window>
