<?xml version="1.0"?>
<opencv_storage>
<cascade>
  <stageType>BOOST</stageType>
  <featureType>HAAR</featureType>
  <height>30</height>
  <width>20</width>
  <stageParams>
    <boostType>GAB</boostType>
    <minHitRate>9.9500000476837158e-01</minHitRate>
    <maxFalseAlarm>5.0000000000000000e-01</maxFalseAlarm>
    <weightTrimRate>9.4999998807907104e-01</weightTrimRate>
    <maxDepth>1</maxDepth>
    <maxWeakCount>100</maxWeakCount></stageParams>
  <featureParams>
    <maxCatCount>0</maxCatCount>
    <featSize>1</featSize>
    <mode>BASIC</mode></featureParams>
  <stageNum>2</stageNum>
  <stages>
    <!-- stage 0 -->
    <_>
      <maxWeakCount>2</maxWeakCount>
      <stageThreshold>0.</stageThreshold>
      <weakClassifiers>
        <_>
          <internalNodes>
            0 -1 0 5.2641284465789795e-01</internalNodes>
          <leafValues>
            -9.9600797891616821e-01 1.</leafValues></_>
        <_>
          <internalNodes>
            0 -1 1 5.3593838214874268e-01</internalNodes>
          <leafValues>
            -1. 1.</leafValues></_></weakClassifiers></_>
    <!-- stage 1 -->
    <_>
      <maxWeakCount>2</maxWeakCount>
      <stageThreshold>0.</stageThreshold>
      <weakClassifiers>
        <_>
          <internalNodes>
            0 -1 3 9.1433543711900711e-03</internalNodes>
          <leafValues>
            -9.9600797891616821e-01 1.</leafValues></_>
        <_>
          <internalNodes>
            0 -1 2 1.0275222063064575e+00</internalNodes>
          <leafValues>
            -1. 1.</leafValues></_></weakClassifiers></_></stages>
  <features>
    <_>
      <rects>
        <_>
          0 0 18 19 -1.</_>
        <_>
          6 0 6 19 3.</_></rects>
      <tilted>0</tilted></_>
    <_>
      <rects>
        <_>
          0 0 10 27 -1.</_>
        <_>
          0 9 10 9 3.</_></rects>
      <tilted>0</tilted></_>
    <_>
      <rects>
        <_>
          1 2 16 24 -1.</_>
        <_>
          1 10 16 8 3.</_></rects>
      <tilted>0</tilted></_>
    <_>
      <rects>
        <_>
          5 3 5 3 -1.</_>
        <_>
          5 4 5 1 3.</_></rects>
      <tilted>0</tilted></_></features></cascade>
</opencv_storage>
